mandana,9.25
hamid,6.066666666666666
sina,11.285714285714286
sara,9.75
soheila,7.833333333333333
ali,20.0
sarvin,11.375
alireza,18.0
mehrab,16.25
